output_id,output
00576224_0,|32|78| |32|78| |00|00| 
009d5c81_0,|00000000000000|00000888888888|00000800080808|00000808080008|00000888888888|00000000000000|00000000000000|00000000000000|00000011100000|00000010100000|00000001000000|00000000000000|00000000000000|00000000000000| |55555555555555|55555888888888|55555855585858|55555858585558|55555888888888|55555555555555|55555555555555|55555555555555|55555511155555|55555515155555|55555551555555|55555555555555|55555555555555|55555555555555| |00000000000000|00000000000000|00000000000000|00000000000000|00000000000000|00000000000000|00000000000000|00000000000000|00000000000000|00000000000000|00000000000000|00000000000000|00000000000000|00000000000000| 
00dbd492_0,|00000000000222220000|02222222220200020000|02000000020202020000|02000000020200020000|02000000020222220000|02000200020000000000|02000000020000000000|02000000020002222200|02000000020002000200|02222222220002020200|00000000000002000200|00000000000002222200|00000222222200000000|00000200000200000000|00000200000200000000|00000200200200000000|00000200000200000000|00000200000200000000|00000222222200000000|00000000000000000000| |55555555555222225555|52222222225255525555|52555555525252525555|52555555525255525555|52555555525222225555|52555255525555555555|52555555525555555555|52555555525552222255|52555555525552555255|52222222225552525255|55555555555552555255|55555555555552222255|55555222222255555555|55555255555255555555|55555255555255555555|55555255255255555555|55555255555255555555|55555255555255555555|55555222222255555555|55555555555555555555| |00000000000000000000|00000000000000000000|00000000000000000000|00000000000000000000|00000000000000000000|00000000000000000000|00000000000000000000|00000000000000000000|00000000000000000000|00000000000000000000|00000000000000000000|00000000000000000000|00000000000000000000|00000000000000000000|00000000000000000000|00000000000000000000|00000000000000000000|00000000000000000000|00000000000000000000|00000000000000000000| 
03560426_0,|0000000000|0000000000|0000000000|0000000000|0000000000|0000000000|7000000000|7088060000|7088060330|7088060330| |5555555555|5555555555|5555555555|5555555555|5555555555|5555555555|7555555555|7588565555|7588565335|7588565335| |0000000000|0000000000|0000000000|0000000000|0000000000|0000000000|0000000000|0000000000|0000000000|0000000000| 
05a7bcf2_0,|000000000020000000080000000000|000000000022200000080000044000|000000000022000000080000044000|000000000022000000080000044400|000000000022200000080000000000|000000000022000000080000000000|000000000022222000080000000000|000000000022220000080000000000|000000000020000000080000000000|000000000020000000080000000000|000000000022200000080000440000|000000000022000000080000440000|000000000020000000080000440000|000000000022200000080000440000|000000000022220000080000400000|000000000022000000080000400000|000000000020000000080000000000|000000000022000000080000000000|000000000020000000080000000000|000000000022000000080000000000|000000000022200000080000400000|000000000022222000080000400000|000000000022000000080000400000|000000000022200000080000400000|000000000022220000080000000000|000000000022000000080000000000|000000000022000000080000000004|000000000022200000080000040000|000000000022200000080000000000|000000000020000000080000000000| |555555555525555555585555555555|555555555522255555585555544555|555555555522555555585555544555|555555555522555555585555544455|555555555522255555585555555555|555555555522555555585555555555|555555555522222555585555555555|555555555522225555585555555555|555555555525555555585555555555|555555555525555555585555555555|555555555522255555585555445555|555555555522555555585555445555|555555555525555555585555445555|555555555522255555585555445555|555555555522225555585555455555|555555555522555555585555455555|555555555525555555585555555555|555555555522555555585555555555|555555555525555555585555555555|555555555522555555585555555555|555555555522255555585555455555|555555555522222555585555455555|555555555522555555585555455555|555555555522255555585555455555|555555555522225555585555555555|555555555522555555585555555555|555555555522555555585555555554|555555555522255555585555545555|555555555522255555585555555555|555555555525555555585555555555| |000000000000000000000000000000|000000000000000000000000000000|000000000000000000000000000000|000000000000000000000000000000|000000000000000000000000000000|000000000000000000000000000000|000000000000000000000000000000|000000000000000000000000000000|000000000000000000000000000000|000000000000000000000000000000|000000000000000000000000000000|000000000000000000000000000000|000000000000000000000000000000|000000000000000000000000000000|000000000000000000000000000000|000000000000000000000000000000|000000000000000000000000000000|000000000000000000000000000000|000000000000000000000000000000|000000000000000000000000000000|000000000000000000000000000000|000000000000000000000000000000|000000000000000000000000000000|000000000000000000000000000000|000000000000000000000000000000|000000000000000000000000000000|000000000000000000000000000000|000000000000000000000000000000|000000000000000000000000000000|000000000000000000000000000000| 
0607ce86_0,|0033000000000000300000|0228320228220328220003|0338330338330338330300|0338330338330338330000|3883380888880883880000|0888830888880888880000|0000000000000000000300|0000000000030000330000|0238220223230228220003|0338330338330338330300|0338330338330338330000|0888883888830888380000|0888380838880888880000|0000300000000033030000|0000003000000000000303|0228220228220228220000|0338330338330338330030|0333330338330338330000|0388880883380883880300|0888880883880388880000|0003000000000000000030|0000300000303003000030|3000000000000300000000|0000000000000000030000| |5533555555555555355555|5228325228225328225553|5338335338335338335355|5338335338335338335555|3883385888885883885555|5888835888885888885555|5555555555555555555355|5555555555535555335555|5238225223235228225553|5338335338335338335355|5338335338335338335555|5888883888835888385555|5888385838885888885555|5555355555555533535555|5555553555555555555353|5228225228225228225555|5338335338335338335535|5333335338335338335555|5388885883385883885355|5888885883885388885555|5553555555555555555535|5555355555353553555535|3555555555555355555555|5555555555555555535555| |0000000000000000000000|0000000000000000000000|0000000000000000000000|0000000000000000000000|0000000000000000000000|0000000000000000000000|0000000000000000000000|0000000000000000000000|0000000000000000000000|0000000000000000000000|0000000000000000000000|0000000000000000000000|0000000000000000000000|0000000000000000000000|0000000000000000000000|0000000000000000000000|0000000000000000000000|0000000000000000000000|0000000000000000000000|0000000000000000000000|0000000000000000000000|0000000000000000000000|0000000000000000000000|0000000000000000000000| 
0692e18c_0,|003|330|030| |553|335|535| |000|000|000| 
070dd51e_0,|00000000000000000000|00030000000000000000|00000000050000000000|02000000000000002000|00000000000000000000|00000000000000000000|00000000000000000000|00000007000007000000|00000000000000000000|00000000050000000000|00000000000000000000|00000000000000000000|00000000000000000000|00000000000000000000|00000000800000800000|00000000000000000000|00000000000000000000|00000000000000000000|00030000000000000000|00000000000000000000| |55555555555555555555|55535555555555555555|55555555555555555555|52555555555555552555|55555555555555555555|55555555555555555555|55555555555555555555|55555557555557555555|55555555555555555555|55555555555555555555|55555555555555555555|55555555555555555555|55555555555555555555|55555555555555555555|55555555855555855555|55555555555555555555|55555555555555555555|55555555555555555555|55535555555555555555|55555555555555555555| |00000000000000000000|00000000000000000000|00000000000000000000|00000000000000000000|00000000000000000000|00000000000000000000|00000000000000000000|00000000000000000000|00000000000000000000|00000000000000000000|00000000000000000000|00000000000000000000|00000000000000000000|00000000000000000000|00000000000000000000|00000000000000000000|00000000000000000000|00000000000000000000|00000000000000000000|00000000000000000000| 
08573cc6_0,|2800000000000|0000000000000|0000000000000|0000000000000|0000000000000|0000001000000|0000000000000|0000000000000|0000000000000|0000000000000|0000000000000|0000000000000|0000000000000| |2855555555555|5555555555555|5555555555555|5555555555555|5555555555555|5555551555555|5555555555555|5555555555555|5555555555555|5555555555555|5555555555555|5555555555555|5555555555555| |0000000000000|0000000000000|0000000000000|0000000000000|0000000000000|0000000000000|0000000000000|0000000000000|0000000000000|0000000000000|0000000000000|0000000000000|0000000000000| 
0934a4d8_0,|441357796166447777446616977531|443375976666447227446666795733|344479575161779999771615759744|434497751566721991276651577944|977444334477973223797744334447|794744314472792332972744134474|749734447791749779471977444379|477943447299477997749927443497|665144777226462222646227774415|161544723766642222466673274451|666677999172224664222719997766|661672191537226446227351912761|447797749916726666276199477977|447279479961376226731699749727|888132971699517227159961792319|888923796199193773919916973299|888923796199193773919916973299|888132971699517227159961792319|888279479961376226731699749727|888797749916726666276199477977|888672191537226446227351912761|888677999172224664222719997766|888544723766642222466673274451|665144777226462222646227774415|477943447299477997749927443497|749734447791749779471977444379|794744314472792332972744134474|977444334477973223797744334447|434497751566721991276651577944|344479575161779999771615759744| |441357796166447777446616977531|443375976666447227446666795733|344479575161779999771615759744|434497751566721991276651577944|977444334477973223797744334447|794744314472792332972744134474|749734447791749779471977444379|477943447299477997749927443497|665144777226462222646227774415|161544723766642222466673274451|666677999172224664222719997766|661672191537226446227351912761|447797749916726666276199477977|447279479961376226731699749727|888132971699517227159961792319|888923796199193773919916973299|888923796199193773919916973299|888132971699517227159961792319|888279479961376226731699749727|888797749916726666276199477977|888672191537226446227351912761|888677999172224664222719997766|888544723766642222466673274451|665144777226462222646227774415|477943447299477997749927443497|749734447791749779471977444379|794744314472792332972744134474|977444334477973223797744334447|434497751566721991276651577944|344479575161779999771615759744| |000000000000000000000000000000|000000000000000000000000000000|000000000000000000000000000000|000000000000000000000000000000|000000000000000000000000000000|000000000000000000000000000000|000000000000000000000000000000|000000000000000000000000000000|000000000000000000000000000000|000000000000000000000000000000|000000000000000000000000000000|000000000000000000000000000000|000000000000000000000000000000|000000000000000000000000000000|000000000000000000000000000000|000000000000000000000000000000|000000000000000000000000000000|000000000000000000000000000000|000000000000000000000000000000|000000000000000000000000000000|000000000000000000000000000000|000000000000000000000000000000|000000000000000000000000000000|000000000000000000000000000000|000000000000000000000000000000|000000000000000000000000000000|000000000000000000000000000000|000000000000000000000000000000|000000000000000000000000000000|000000000000000000000000000000| 
09c534e7_0,|000000000000000000000000000000|000000001111100000000001111110|001111001141100111111001111110|001111111111111111111111111110|001111001111100111111001111110|001111001111100111111001111110|000000001111100000100001111110|000000000010000011110000001000|000011110111000011110000111100|000011111111000011110000111100|000011110111000000000000111100|000001000111000000000000111100|000011100000000000000000000000|000011100000000111110000000000|000011100000000181110111100000|000000000111000111111111100000|000000000111000111110111100000|000000000111000111110000000000|000000000010000010000000000000|000000000111111111111000000000|011101110111111111111000011110|011111110111111111111000011610|011101111111111111111000011110|000001110111111111111000011110|000000000111111111111000011110|000000000111111111111000000100|001111000000000000000000011110|001111001111000111100000011110|001111111111111111111111111110|001111001111000111100000011110| |555555555555555555555555555555|555555551111155555555551111115|551111551141155111111551111115|551111111111111111111111111115|551111551111155111111551111115|551111551111155111111551111115|555555551111155555155551111115|555555555515555511115555551555|555511115111555511115555111155|555511111111555511115555111155|555511115111555555555555111155|555551555111555555555555111155|555511155555555555555555555555|555511155555555111115555555555|555511155555555181115111155555|555555555111555111111111155555|555555555111555111115111155555|555555555111555111115555555555|555555555515555515555555555555|555555555111111111111555555555|511151115111111111111555511115|511111115111111111111555511615|511151111111111111111555511115|555551115111111111111555511115|555555555111111111111555511115|555555555111111111111555555155|551111555555555555555555511115|551111551111555111155555511115|551111111111111111111111111115|551111551111555111155555511115| |000000000000000000000000000000|000000000000000000000000000000|000000000000000000000000000000|000000000000000000000000000000|000000000000000000000000000000|000000000000000000000000000000|000000000000000000000000000000|000000000000000000000000000000|000000000000000000000000000000|000000000000000000000000000000|000000000000000000000000000000|000000000000000000000000000000|000000000000000000000000000000|000000000000000000000000000000|000000000000000000000000000000|000000000000000000000000000000|000000000000000000000000000000|000000000000000000000000000000|000000000000000000000000000000|000000000000000000000000000000|000000000000000000000000000000|000000000000000000000000000000|000000000000000000000000000000|000000000000000000000000000000|000000000000000000000000000000|000000000000000000000000000000|000000000000000000000000000000|000000000000000000000000000000|000000000000000000000000000000|000000000000000000000000000000| 
0a1d4ef5_0,|550008500888080055050580000008|885508005800580808080050880000|055505805800050588585050000055|000555880005833333508088088005|050522222205833333888333333005|880022222200033333580333333080|850022222200833333000333333500|508822222280033333000055000005|000508055000000555000000000880|005055080880058000050011111555|808444445058777770085011111050|850444440000777770050011111050|080444440000777775005811111550|085444440000777770808011111550|058444440080800000500050005058|880000808000000500558050580005|080500055855333333380507777505|005505111100333333308887777808|000000111158333333385087777055|050805111150333333350507777500|005008111100580058800807777800|505800805000005800580050888005|050554445050666666002222220055|080554440850666666002222225085|800004445080666666002222220000|000004445508666666502222220080|550005585800666666858008508500|058508555088005085500058000085|000080058885000505000508055008|805000005888005555850058585505| |555558555888585555555585555558|885558555855585858585555885555|555555855855555588585555555555|555555885555833333558588588555|555522222255833333888333333555|885522222255533333585333333585|855522222255833333555333333555|558822222285533333555555555555|555558555555555555555555555885|555555585885558555555511111555|858444445558777775585511111555|855444445555777775555511111555|585444445555777775555811111555|585444445555777775858511111555|558444445585855555555555555558|885555858555555555558555585555|585555555855333333385557777555|555555111155333333358887777858|555555111158333333385587777555|555855111155333333355557777555|555558111155585558855857777855|555855855555555855585555888555|555554445555666666552222225555|585554445855666666552222225585|855554445585666666552222225555|555554445558666666552222225585|555555585855666666858558558555|558558555588555585555558555585|555585558885555555555558555558|855555555888555555855558585555| |000000000000000000000000000000|000000000000000000000000000000|000000000000000000000000000000|000000000000000000000000000000|000000000000000000000000000000|000000000000000000000000000000|000000000000000000000000000000|000000000000000000000000000000|000000000000000000000000000000|000000000000000000000000000000|000000000000000000000000000000|000000000000000000000000000000|000000000000000000000000000000|000000000000000000000000000000|000000000000000000000000000000|000000000000000000000000000000|000000000000000000000000000000|000000000000000000000000000000|000000000000000000000000000000|000000000000000000000000000000|000000000000000000000000000000|000000000000000000000000000000|000000000000000000000000000000|000000000000000000000000000000|000000000000000000000000000000|000000000000000000000000000000|000000000000000000000000000000|000000000000000000000000000000|000000000000000000000000000000|000000000000000000000000000000| 
0a2355a6_0,|00000000000000000|00888800000008880|00800800888008080|00888888808008880|00008080808008080|00008888888008080|00000000000088880|00000000000080080|00000000000088880|00888888000000000|00800008000000000|00800008008888888|00888888008008008|00000000008008008|00000000008888888| |55555555555555555|55888855555558885|55855855888558585|55888888858558885|55558585858558585|55558888888558585|55555555555588885|55555555555585585|55555555555588885|55888888555555555|55855558555555555|55855558558888888|55888888558558558|55555555558558558|55555555558888888| |00000000000000000|00000000000000000|00000000000000000|00000000000000000|00000000000000000|00000000000000000|00000000000000000|00000000000000000|00000000000000000|00000000000000000|00000000000000000|00000000000000000|00000000000000000|00000000000000000|00000000000000000| 
0b17323b_0,|100000000000000|000000000000000|000000000000000|000100000000000|000000000000000|000000000000000|000000100000000|000000000000000|000000000000000|000000000000000|000000000000000|000000000000000|000000000000000|000000000000000|000000000000000| |155555555555555|555555555555555|555555555555555|555155555555555|555555555555555|555555555555555|555555155555555|555555555555555|555555555555555|555555555555555|555555555555555|555555555555555|555555555555555|555555555555555|555555555555555| |000000000000000|000000000000000|000000000000000|000000000000000|000000000000000|000000000000000|000000000000000|000000000000000|000000000000000|000000000000000|000000000000000|000000000000000|000000000000000|000000000000000|000000000000000| 
0bb8deee_0,|0000001000000|0000001000000|0000001003330|0022001000330|0020001003000|0202001000000|0000001000000|1111111111111|0000001000000|0000001000000|0000001000400|0066001004040|0606001000400|0660001000000| |5555551555555|5555551555555|5555551553335|5522551555335|5525551553555|5252551555555|5555551555555|1111111111111|5555551555555|5555551555555|5555551555455|5566551554545|5656551555455|5665551555555| |0000000000000|0000000000000|0000000000000|0000000000000|0000000000000|0000000000000|0000000000000|0000000000000|0000000000000|0000000000000|0000000000000|0000000000000|0000000000000|0000000000000| 
0becf7df_0,|8900000000|2400099000|0008889000|0002889000|0002420000|0002240000|0002440000|0009440000|0000040000|0000000000| |8955555555|2455599555|5558889555|5552889555|5552425555|5552245555|5552445555|5559445555|5555545555|5555555555| |0000000000|0000000000|0000000000|0000000000|0000000000|0000000000|0000000000|0000000000|0000000000|0000000000| 
0c786b71_0,|8578|7788|5585| |8578|7788|5585| |0000|0000|0000| 
0c9aba6e_0,|0002|0220|2002|0220|2022|0002|7777|6606|6660|0000|6606|6060|0066| |5552|5225|2552|5225|2522|5552|7777|6656|6665|5555|6656|6565|5566| |0000|0000|0000|0000|0000|0000|0000|0000|0000|0000|0000|0000|0000| 
0d87d2a6_0,|0000010002220000000000000|0000000002220000000222200|0000000002220000000222200|0000222002220222220222200|1000222000000222220222201|0000222000000222220000000|0000000000000222220000220|0000000000000222220000220|0000000000000000000000220|0000000002200000000000000|0222220002200000000000000|1222220002200000000000001|0222220000000000000000000|0222220000000000000000000|0000000000000000000000000|0000000000000000000000000|0000022222222200000002220|0000022222222200000002220|0000022222222200022002220|0000022222222200022000000|0000022222222200000000000|0000000000000000000000000|0000010000000000000000000| |5555515552225555555555555|5555555552225555555222255|5555555552225555555222255|5555222552225222225222255|1555222555555222225222251|5555222555555222225555555|5555555555555222225555225|5555555555555222225555225|5555555555555555555555225|5555555552255555555555555|5222225552255555555555555|1222225552255555555555551|5222225555555555555555555|5222225555555555555555555|5555555555555555555555555|5555555555555555555555555|5555522222222255555552225|5555522222222255555552225|5555522222222255522552225|5555522222222255522555555|5555522222222255555555555|5555555555555555555555555|5555515555555555555555555| |0000000000000000000000000|0000000000000000000000000|0000000000000000000000000|0000000000000000000000000|0000000000000000000000000|0000000000000000000000000|0000000000000000000000000|0000000000000000000000000|0000000000000000000000000|0000000000000000000000000|0000000000000000000000000|0000000000000000000000000|0000000000000000000000000|0000000000000000000000000|0000000000000000000000000|0000000000000000000000000|0000000000000000000000000|0000000000000000000000000|0000000000000000000000000|0000000000000000000000000|0000000000000000000000000|0000000000000000000000000|0000000000000000000000000| 
0e671a1a_0,|0000000000000|0000000000000|0000000000400|0000000000000|0000000000000|0200000000000|0000000000000|0000000000000|0000000000000|0000000000000|0000000000000|0000000300000|0000000000000| |5555555555555|5555555555555|5555555555455|5555555555555|5555555555555|5255555555555|5555555555555|5555555555555|5555555555555|5555555555555|5555555555555|5555555355555|5555555555555| |0000000000000|0000000000000|0000000000000|0000000000000|0000000000000|0000000000000|0000000000000|0000000000000|0000000000000|0000000000000|0000000000000|0000000000000|0000000000000| 
0f63c0b9_0,|000000000000000|000000000000000|000800000000000|000000000000000|000000200000000|000000000000000|000000000000000|000000000000000|000000000000000|000000000001000|000000000000000|000000000000000|000000000300000|000000000000000|000000000000000| |555555555555555|555555555555555|555855555555555|555555555555555|555555255555555|555555555555555|555555555555555|555555555555555|555555555555555|555555555551555|555555555555555|555555555555555|555555555355555|555555555555555|555555555555555| |000000000000000|000000000000000|000000000000000|000000000000000|000000000000000|000000000000000|000000000000000|000000000000000|000000000000000|000000000000000|000000000000000|000000000000000|000000000000000|000000000000000|000000000000000| 
103eff5b_0,|00000000000000000000000000|00000000000000000000000000|00000000000000000000000000|00888800000000000000000000|00888800000000000000000000|00888800000000000000000000|00888800000000000000004000|00000088888888000000004200|00000088888888000000030200|00000088888888000000000000|00000088888888000000000000|00888888880000000000000000|00888888880000000000000000|00888888880000000000000000|00888888880000000000000000|00000000000000000000000000| |55555555555555555555555555|55555555555555555555555555|55555555555555555555555555|55888855555555555555555555|55888855555555555555555555|55888855555555555555555555|55888855555555555555554555|55555588888888555555554255|55555588888888555555535255|55555588888888555555555555|55555588888888555555555555|55888888885555555555555555|55888888885555555555555555|55888888885555555555555555|55888888885555555555555555|55555555555555555555555555| |00000000000000000000000000|00000000000000000000000000|00000000000000000000000000|00000000000000000000000000|00000000000000000000000000|00000000000000000000000000|00000000000000000000000000|00000000000000000000000000|00000000000000000000000000|00000000000000000000000000|00000000000000000000000000|00000000000000000000000000|00000000000000000000000000|00000000000000000000000000|00000000000000000000000000|00000000000000000000000000| 
11e1fe23_0,|00000000000000|00000000000000|00030000000800|00000000000000|00000000000000|00000000000000|00000000000000|00000000000000|00000000000000|00000000000000|00090000000000|00000000000000| |55555555555555|55555555555555|55535555555855|55555555555555|55555555555555|55555555555555|55555555555555|55555555555555|55555555555555|55555555555555|55595555555555|55555555555555| |00000000000000|00000000000000|00000000000000|00000000000000|00000000000000|00000000000000|00000000000000|00000000000000|00000000000000|00000000000000|00000000000000|00000000000000| 
12422b43_0,|5044400|5008000|5006000|0022000|0000000|0000000|0000000|0000000|0000000|0000000| |5544455|5558555|5556555|5522555|5555555|5555555|5555555|5555555|5555555|5555555| |0000000|0000000|0000000|0000000|0000000|0000000|0000000|0000000|0000000|0000000| 
12997ef3_0,|00000000000|01100000000|11000000000|11000000000|00000000000|00000000000|00208030600|00000000000|00000000000|00000000000|00000000000| |55555555555|51155555555|11555555555|11555555555|55555555555|55555555555|55258535655|55555555555|55555555555|55555555555|55555555555| |00000000000|00000000000|00000000000|00000000000|00000000000|00000000000|00000000000|00000000000|00000000000|00000000000|00000000000| 
12997ef3_1,|00001000000|00011100000|07001000000|00000000000|06000000000|00000000000|03000000000|00000000000|02000000000| |55551555555|55511155555|57551555555|55555555555|56555555555|55555555555|53555555555|55555555555|52555555555| |00000000000|00000000000|00000000000|00000000000|00000000000|00000000000|00000000000|00000000000|00000000000| 
12eac192_0,|05015505|11000110|07700005|11050100|01055501|07007007|10100017|00110107| |55515555|11555115|57755555|11555155|51555551|57557557|15155517|55115157| |00000000|00000000|00000000|00000000|00000000|00000000|00000000|00000000| 
136b0064_0,|110011040050000|101010140000000|010001040000000|000000040000000|202011040000000|202010140000000|222001040000000|000000040000000|606060640000000|060006040000000|060006040000000|000000040000000|333033340000000|030003040000000|303030340000000|000000040000000|606020240000000|060020240000000|060022240000000| |115511545555555|151515145555555|515551545555555|555555545555555|252511545555555|252515145555555|222551545555555|555555545555555|656565645555555|565556545555555|565556545555555|555555545555555|333533345555555|535553545555555|353535345555555|555555545555555|656525245555555|565525245555555|565522245555555| |000000000000000|000000000000000|000000000000000|000000000000000|000000000000000|000000000000000|000000000000000|000000000000000|000000000000000|000000000000000|000000000000000|000000000000000|000000000000000|000000000000000|000000000000000|000000000000000|000000000000000|000000000000000|000000000000000| 
13713586_0,|555555555555555555|000000000000000000|000000000000000000|000000000000000000|000000000000000000|000000000000008880|000000000000000000|444400000000000000|000000000000000000|000000000000000000|000000000000000000|000000002222200000|000000000000000000|000000000000000000|000000000000000000|003333333330000000|000000000000000000|000000000000000000|000000000000000000| |555555555555555555|555555555555555555|555555555555555555|555555555555555555|555555555555555555|555555555555558885|555555555555555555|444455555555555555|555555555555555555|555555555555555555|555555555555555555|555555552222255555|555555555555555555|555555555555555555|555555555555555555|553333333335555555|555555555555555555|555555555555555555|555555555555555555| |000000000000000000|000000000000000000|000000000000000000|000000000000000000|000000000000000000|000000000000000000|000000000000000000|000000000000000000|000000000000000000|000000000000000000|000000000000000000|000000000000000000|000000000000000000|000000000000000000|000000000000000000|000000000000000000|000000000000000000|000000000000000000|000000000000000000| 
137f0df0_0,|0000000000|0550055055|0550055055|0000000000|0550055055|0550055055|0000000000|0550055055|0550055055|0000000000| |5555555555|5555555555|5555555555|5555555555|5555555555|5555555555|5555555555|5555555555|5555555555|5555555555| |0000000000|0000000000|0000000000|0000000000|0000000000|0000000000|0000000000|0000000000|0000000000|0000000000| 
140c817e_0,|88888888888888|88888888888888|88888881888888|88888888888888|88888888888888|88188888888888|88888888888888|88888888888888|88888888888888|88888888888888|88888888888888|88881888888888|88888888888888|88888888888881| |88888888888888|88888888888888|88888881888888|88888888888888|88888888888888|88188888888888|88888888888888|88888888888888|88888888888888|88888888888888|88888888888888|88881888888888|88888888888888|88888888888881| |00000000000000|00000000000000|00000000000000|00000000000000|00000000000000|00000000000000|00000000000000|00000000000000|00000000000000|00000000000000|00000000000000|00000000000000|00000000000000|00000000000000| 
14754a24_0,|0050055050505545005|0550545550550450550|5550554055055550505|5540000500050500055|5455550500550550500|5505000550545005055|0555505555445055000|5005555000050550050|0500000500500050505|0000500500500500550|0000550505050400050|5545555500504540505|5554000555055405555|0045000005050555555|5050050450055555005|5505505540055505055|5550555405505500550|5555000500505050500|0505550055500555555| |5555555555555545555|5555545555555455555|5555554555555555555|5545555555555555555|5455555555555555555|5555555555545555555|5555555555445555555|5555555555555555555|5555555555555555555|5555555555555555555|5555555555555455555|5545555555554545555|5554555555555455555|5545555555555555555|5555555455555555555|5555555545555555555|5555555455555555555|5555555555555555555|5555555555555555555| |0000000000000000000|0000000000000000000|0000000000000000000|0000000000000000000|0000000000000000000|0000000000000000000|0000000000000000000|0000000000000000000|0000000000000000000|0000000000000000000|0000000000000000000|0000000000000000000|0000000000000000000|0000000000000000000|0000000000000000000|0000000000000000000|0000000000000000000|0000000000000000000|0000000000000000000| 
15113be4_0,|10141004011401044444444|10040004001411140000774|01040004000411040000774|44444444444444447777774|00040004111400047777774|01041004011401147700004|10041014100401047700004|44444444444444444444444|10040014110411040014110|10041114000411041014100|00041004110410141004100|44444444444444444444444|10140004101411040004001|10040004001411141104000|01140104101400141004100|44444444444444444444444|00041104100400041004010|00140104100410041104100|11040004100410140004010|44444444444444444444444|01140014101401041104010|00041114111401141014110|00041014111400041004010| |15141554511451544444444|15545554551411145555774|51545554555411545555774|44444444444444447777774|55545554111455547777774|51541554511451147755554|15541514155451547755554|44444444444444444444444|15545514115411545514115|15541114555411541514155|55541554115415141554155|44444444444444444444444|15145554151411545554551|15545554551411141154555|51145154151455141554155|44444444444444444444444|55541154155455541554515|55145154155415541154155|11545554155415145554515|44444444444444444444444|51145514151451541154515|55541114111451141514115|55541514111455541554515| |00000000000000000000000|00000000000000000000000|00000000000000000000000|00000000000000000000000|00000000000000000000000|00000000000000000000000|00000000000000000000000|00000000000000000000000|00000000000000000000000|00000000000000000000000|00000000000000000000000|00000000000000000000000|00000000000000000000000|00000000000000000000000|00000000000000000000000|00000000000000000000000|00000000000000000000000|00000000000000000000000|00000000000000000000000|00000000000000000000000|00000000000000000000000|00000000000000000000000|00000000000000000000000| 
15663ba9_0,|0000000000000000|0033300333000000|0330333303000000|0300000003000000|0300000003033330|0333003333030030|0003003000033030|0333003300003030|0300000300003030|0300333300333030|0333300000300030|0000000000300030|0003330000333330|0003030000000000|0003330000000000| |5555555555555555|5533355333555555|5335333353555555|5355555553555555|5355555553533335|5333553333535535|5553553555533535|5333553355553535|5355555355553535|5355333355333535|5333355555355535|5555555555355535|5553335555333335|5553535555555555|5553335555555555| |0000000000000000|0000000000000000|0000000000000000|0000000000000000|0000000000000000|0000000000000000|0000000000000000|0000000000000000|0000000000000000|0000000000000000|0000000000000000|0000000000000000|0000000000000000|0000000000000000|0000000000000000| 
15696249_0,|663|443|443| |663|443|443| |000|000|000| 
16b78196_0,|000000000333333300000000000000|000000000333333300000000000000|000000000033333000000000000000|000000000003333300888800000000|000444400333333300088880000000|000040000333333300008888000000|004440000033333300000800000000|000444400333333300000000000000|000000000333333300000000000000|000000000333333300000000000000|000000000333333300000000000000|000000000333333000000000000000|000000000333333000000000000000|600000000033333000000000000000|660000000033333300000000000000|666000000333333300000000000000|666600000333333300000022000000|000000000333333000000222200000|000000000033333000000220000000|000000000003333300000022000000|000000000033333300000000000000|000000000333333300000000000000|000000000333333300000000000000|000000000333333300000000000000|000000000033333300000001000000|000000000333333300000111000000|000000000333333300000111000000|000000000333333000000001000000|000000000333333300000000000000|000000000333333300000000000000| |555555555333333355555555555555|555555555333333355555555555555|555555555533333555555555555555|555555555553333355888855555555|555444455333333355588885555555|555545555333333355558888555555|554445555533333355555855555555|555444455333333355555555555555|555555555333333355555555555555|555555555333333355555555555555|555555555333333355555555555555|555555555333333555555555555555|555555555333333555555555555555|655555555533333555555555555555|665555555533333355555555555555|666555555333333355555555555555|666655555333333355555522555555|555555555333333555555222255555|555555555533333555555225555555|555555555553333355555522555555|555555555533333355555555555555|555555555333333355555555555555|555555555333333355555555555555|555555555333333355555555555555|555555555533333355555551555555|555555555333333355555111555555|555555555333333355555111555555|555555555333333555555551555555|555555555333333355555555555555|555555555333333355555555555555| |000000000000000000000000000000|000000000000000000000000000000|000000000000000000000000000000|000000000000000000000000000000|000000000000000000000000000000|000000000000000000000000000000|000000000000000000000000000000|000000000000000000000000000000|000000000000000000000000000000|000000000000000000000000000000|000000000000000000000000000000|000000000000000000000000000000|000000000000000000000000000000|000000000000000000000000000000|000000000000000000000000000000|000000000000000000000000000000|000000000000000000000000000000|000000000000000000000000000000|000000000000000000000000000000|000000000000000000000000000000|000000000000000000000000000000|000000000000000000000000000000|000000000000000000000000000000|000000000000000000000000000000|000000000000000000000000000000|000000000000000000000000000000|000000000000000000000000000000|000000000000000000000000000000|000000000000000000000000000000|000000000000000000000000000000| 
17b80ad2_0,|00002309040003008|00300044000000000|00000000000000000|00000000000000000|00000001800094900|00060000101060007|00000800001300000|00007030030000400|00400000000000000|00020019000700120|00030000000000000|04040000100000000|00000000009000300|00000003000002000|00010000600490303|00000000000000100|00000500500500000| |55552359545553558|55355544555555555|55555555555555555|55555555555555555|55555551855594955|55565555151565557|55555855551355555|55557535535555455|55455555555555555|55525519555755125|55535555555555555|54545555155555555|55555555559555355|55555553555552555|55515555655495353|55555555555555155|55555555555555555| |00000000000000000|00000000000000000|00000000000000000|00000000000000000|00000000000000000|00000000000000000|00000000000000000|00000000000000000|00000000000000000|00000000000000000|00000000000000000|00000000000000000|00000000000000000|00000000000000000|00000000000000000|00000000000000000|00000000000000000| 
17cae0c1_0,|000005555|000050000|555500000| |555555555|555555555|555555555| |000000000|000000000|000000000| 
18419cfa_0,|00000000000000000000000000|00000000000000000000888000|00000000000000000888808888|00088888888800000800000008|00080000000800000800000008|00880020000880000800000008|00800220000080000800000008|00880020000880000800020008|00080000000800000800222008|00088888888800000802000208|00000000000000000800000008|00000000000000000888808888|00000000000000000000888000|00000000000000000000000000|00000000008880000000000000|00000088888088888000000000|00000080000000008000000000|00000080020002008000000000|00000080002220008000000000|00000080020002008000000000|00000080000000008000000000|00000080000000008000000000|00000080000000008000000000|00000080000000008000000000|00000088888088888000000000|00000000008880000000000000|00000000000000000000000000|00000000000000000000000000| |55555555555555555555555555|55555555555555555555888555|55555555555555555888858888|55588888888855555855555558|55585555555855555855555558|55885525555885555855555558|55855225555585555855555558|55885525555885555855525558|55585555555855555855222558|55588888888855555852555258|55555555555555555855555558|55555555555555555888858888|55555555555555555555888555|55555555555555555555555555|55555555558885555555555555|55555588888588888555555555|55555585555555558555555555|55555585525552558555555555|55555585552225558555555555|55555585525552558555555555|55555585555555558555555555|55555585555555558555555555|55555585555555558555555555|55555585555555558555555555|55555588888588888555555555|55555555558885555555555555|55555555555555555555555555|55555555555555555555555555| |00000000000000000000000000|00000000000000000000000000|00000000000000000000000000|00000000000000000000000000|00000000000000000000000000|00000000000000000000000000|00000000000000000000000000|00000000000000000000000000|00000000000000000000000000|00000000000000000000000000|00000000000000000000000000|00000000000000000000000000|00000000000000000000000000|00000000000000000000000000|00000000000000000000000000|00000000000000000000000000|00000000000000000000000000|00000000000000000000000000|00000000000000000000000000|00000000000000000000000000|00000000000000000000000000|00000000000000000000000000|00000000000000000000000000|00000000000000000000000000|00000000000000000000000000|00000000000000000000000000|00000000000000000000000000|00000000000000000000000000| 
184a9768_0,|00000000000000000005000000|00444444444444400000000000|00400004444044400000000000|00400004044444400888888880|00444444044444400888888880|00444444044444400888088880|00444444444444400888888880|00000000000000000800000080|00000000050000000888888080|02220000000000000888888080|02220000000000500888888080|00000000000000000880088080|00000044444400000880088880|00000000000000000880088880|03000000000000000880080080|03000001100001000880080080|03000001100501000880088880|03000001100001000888888880|00000000000000000888888880|00000000050000000000000000|00030110000000000000000000|00000110000000000002000000|00000110000000000502000500|00005000000300000000000077|00000000000000000000000077| |55555555555555555555555555|55444444444444455555555555|55455554444544455555555555|55455554544444455888888885|55444444544444455888888885|55444444544444455888588885|55444444444444455888888885|55555555555555555855555585|55555555555555555888888585|52225555555555555888888585|52225555555555555888888585|55555555555555555885588585|55555544444455555885588885|55555555555555555885588885|53555555555555555885585585|53555551155551555885585585|53555551155551555885588885|53555551155551555888888885|55555555555555555888888885|55555555555555555555555555|55535115555555555555555555|55555115555555555552555555|55555115555555555552555555|55555555555355555555555577|55555555555555555555555577| |00000000000000000000000000|00000000000000000000000000|00000000000000000000000000|00000000000000000000000000|00000000000000000000000000|00000000000000000000000000|00000000000000000000000000|00000000000000000000000000|00000000000000000000000000|00000000000000000000000000|00000000000000000000000000|00000000000000000000000000|00000000000000000000000000|00000000000000000000000000|00000000000000000000000000|00000000000000000000000000|00000000000000000000000000|00000000000000000000000000|00000000000000000000000000|00000000000000000000000000|00000000000000000000000000|00000000000000000000000000|00000000000000000000000000|00000000000000000000000000|00000000000000000000000000| 
195ba7dc_0,|7700002077007|0700002700707|7770072077707|0000002777700|0077702077077| |7755552577557|5755552755757|7775572577757|5555552777755|5577752577577| |0000000000000|0000000000000|0000000000000|0000000000000|0000000000000| 
1990f7a8_0,|00000000000000000|00000000000000000|00000020200000000|00000002000000000|00000022200000200|00000000000002200|00000000000020200|00000000000000000|00000000000000000|00000000000000000|00000000000000000|02020000002220000|02220000002020000|02000000002020000|00000000000000000|00000000000000000|00000000000000000| |55555555555555555|55555555555555555|55555525255555555|55555552555555555|55555522255555255|55555555555552255|55555555555525255|55555555555555555|55555555555555555|55555555555555555|55555555555555555|52525555552225555|52225555552525555|52555555552525555|55555555555555555|55555555555555555|55555555555555555| |00000000000000000|00000000000000000|00000000000000000|00000000000000000|00000000000000000|00000000000000000|00000000000000000|00000000000000000|00000000000000000|00000000000000000|00000000000000000|00000000000000000|00000000000000000|00000000000000000|00000000000000000|00000000000000000|00000000000000000| 
19bb5feb_0,|000000000000000|000000000000000|000000000000000|008888888888880|008888888888880|008888888888880|008822888866880|008822888866880|008888888888880|008888888888880|008811888833880|008811888833880|008888888888880|000000000000000| |555555555555555|555555555555555|555555555555555|558888888888885|558888888888885|558888888888885|558822888866885|558822888866885|558888888888885|558888888888885|558811888833885|558811888833885|558888888888885|555555555555555| |000000000000000|000000000000000|000000000000000|000000000000000|000000000000000|000000000000000|000000000000000|000000000000000|000000000000000|000000000000000|000000000000000|000000000000000|000000000000000|000000000000000| 
1a2e2828_0,|0003300007000|0003300007000|1113311117111|1113311117111|0003300007000|0003300007000|6666666667666|0003300007000|0003300007000|0003300007000|0003300007000| |5553355557555|5553355557555|1113311117111|1113311117111|5553355557555|5553355557555|6666666667666|5553355557555|5553355557555|5553355557555|5553355557555| |0000000000000|0000000000000|0000000000000|0000000000000|0000000000000|0000000000000|0000000000000|0000000000000|0000000000000|0000000000000|0000000000000| 
1a6449f1_0,|0000040000000600002400090|0033000020000070000500404|0002000333333333333000060|0006000300000354003000070|0000800309000000673030090|6300000380000000003050270|7008300303900067003000000|5700887300001000013400201|7000900301000800403000003|0000000300060003023033002|0070007300000500103007070|0000000370000000813400608|0003042300000402003099009|5010004333333333333000010|0000000000500300705030000|0540000000500203001000006|4000708888888800500777777|9010008001005880000700807|2000628009000850000700007|8010808070060800007700027|5000308000056840805777777|0000408090000800000028002|8000008002020806000303080|0000008888888800300510000|0060960590000001070153006|5000880980000009900000020|8000300005000000004702500| |5555545555555655552455595|5533555525555575555555454|5552555333333333333555565|5556555355555354553555575|5555855359555555673535595|6355555385555555553555275|7558355353955567553555555|5755887355551555513455251|7555955351555855453555553|5555555355565553523533552|5575557355555555153557575|5555555375555555813455658|5553542355555452553599559|5515554333333333333555515|5555555555555355755535555|5545555555555253551555556|4555758888888855555777777|9515558551555885555755857|2555628559555855555755557|8515858575565855557755527|5555358555556845855777777|5555458595555855555528552|8555558552525856555353585|5555558888888855355515555|5565965595555551575153556|5555885985555559955555525|8555355555555555554752555| |0000000000000000000000000|0000000000000000000000000|0000000000000000000000000|0000000000000000000000000|0000000000000000000000000|0000000000000000000000000|0000000000000000000000000|0000000000000000000000000|0000000000000000000000000|0000000000000000000000000|0000000000000000000000000|0000000000000000000000000|0000000000000000000000000|0000000000000000000000000|0000000000000000000000000|0000000000000000000000000|0000000000000000000000000|0000000000000000000000000|0000000000000000000000000|0000000000000000000000000|0000000000000000000000000|0000000000000000000000000|0000000000000000000000000|0000000000000000000000000|0000000000000000000000000|0000000000000000000000000|0000000000000000000000000| 
1acc24af_0,|000000000000|000000000000|011100011100|010110010100|110011110111|000000000000|000000000000|000005000000|050055000050|055050055050|005050055050|000000000000| |555555555555|555555555555|511155511155|515115515155|115511115111|555555555555|555555555555|555555555555|555555555555|555555555555|555555555555|555555555555| |000000000000|000000000000|000000000000|000000000000|000000000000|000000000000|000000000000|000000000000|000000000000|000000000000|000000000000|000000000000| 
1c02dbbe_0,|000060010000000|065555555555510|055555555555550|055555555555550|055555555555550|055555555555551|055555555555550|655555555555550|055555555555553|055555555555550|755555555555550|055555555555550|055555555555550|075555555555530|000000007003000| |555565515555555|565555555555515|555555555555555|555555555555555|555555555555555|555555555555551|555555555555555|655555555555555|555555555555553|555555555555555|755555555555555|555555555555555|555555555555555|575555555555535|555555557553555| |000000000000000|000000000000000|000000000000000|000000000000000|000000000000000|000000000000000|000000000000000|000000000000000|000000000000000|000000000000000|000000000000000|000000000000000|000000000000000|000000000000000|000000000000000| 
1c0d0a4b_0,|0000000000000|0800080800800|0808088800880|0888080008080|0000000000000|0808080008880|0888008008080|0088080800800|0000000000000|0888080800080|0880088008880|0080008808000|0000000000000| |5555555555555|5855585855855|5858588855885|5888585558585|5555555555555|5858585558885|5888558558585|5588585855855|5555555555555|5888585855585|5885588558885|5585558858555|5555555555555| |0000000000000|0000000000000|0000000000000|0000000000000|0000000000000|0000000000000|0000000000000|0000000000000|0000000000000|0000000000000|0000000000000|0000000000000|0000000000000| 
1c56ad9f_0,|000000000000000|000077777770000|000070070070000|000070070070000|000070070070000|000070070070000|000070070070000|000070070070000|000070070070000|000070070070000|000070070070000|000070070070000|000070070070000|000077777770000|000000000000000| |555555555555555|555577777775555|555575575575555|555575575575555|555575575575555|555575575575555|555575575575555|555575575575555|555575575575555|555575575575555|555575575575555|555575575575555|555575575575555|555577777775555|555555555555555| |000000000000000|000000000000000|000000000000000|000000000000000|000000000000000|000000000000000|000000000000000|000000000000000|000000000000000|000000000000000|000000000000000|000000000000000|000000000000000|000000000000000|000000000000000| 
1d0a4b61_0,|1111111111111111111111111|1281551821281551821281551|1521881251521881251521881|1111111111111111111111111|1851221581851221581851221|1851221581851221581851221|1111111111111111111111111|1521881251521881251521881|1281550000281551821281551|1111110000111111111111111|1281550000281551821281551|1521880000521881251521881|1111110000001111111111111|1851200000001221581851001|1851200000851221581851001|1111100000111111111111001|1521881251500001251521001|1281551821200001821281001|1111111111100001111111001|1281551821200001821281551|1521881251500001251521881|1111111111111111111111111|1851221581851221581851221|1851221581851221581851221|1111111111111111111111111| |1111111111111111111111111|1281551821281551821281551|1521881251521881251521881|1111111111111111111111111|1851221581851221581851221|1851221581851221581851221|1111111111111111111111111|1521881251521881251521881|1281555555281551821281551|1111115555111111111111111|1281555555281551821281551|1521885555521881251521881|1111115555551111111111111|1851255555551221581851551|1851255555851221581851551|1111155555111111111111551|1521881251555551251521551|1281551821255551821281551|1111111111155551111111551|1281551821255551821281551|1521881251555551251521881|1111111111111111111111111|1851221581851221581851221|1851221581851221581851221|1111111111111111111111111| |0000000000000000000000000|0000000000000000000000000|0000000000000000000000000|0000000000000000000000000|0000000000000000000000000|0000000000000000000000000|0000000000000000000000000|0000000000000000000000000|0000000000000000000000000|0000000000000000000000000|0000000000000000000000000|0000000000000000000000000|0000000000000000000000000|0000000000000000000000000|0000000000000000000000000|0000000000000000000000000|0000000000000000000000000|0000000000000000000000000|0000000000000000000000000|0000000000000000000000000|0000000000000000000000000|0000000000000000000000000|0000000000000000000000000|0000000000000000000000000|0000000000000000000000000| 
1d398264_0,|000000000000|000000000000|000611000000|000671000000|000331000000|000000000000|000000000000|000000000000|000000000000|000000000000|000000000000|000000000000| |555555555555|555555555555|555611555555|555671555555|555331555555|555555555555|555555555555|555555555555|555555555555|555555555555|555555555555|555555555555| |000000000000|000000000000|000000000000|000000000000|000000000000|000000000000|000000000000|000000000000|000000000000|000000000000|000000000000|000000000000| 
1d398264_1,|0000000000000000|0000000000000000|0004250000000000|0002950000000000|0004110000000000|0000000000000000|0000000000000000|0000000000000000|0000000000000000|0000000000000000|0000000000000000|0000000000000000|0000000000000000|0000000000000000|0000000000000000|0000000000000000| |5555555555555555|5555555555555555|5554255555555555|5552955555555555|5554115555555555|5555555555555555|5555555555555555|5555555555555555|5555555555555555|5555555555555555|5555555555555555|5555555555555555|5555555555555555|5555555555555555|5555555555555555|5555555555555555| |0000000000000000|0000000000000000|0000000000000000|0000000000000000|0000000000000000|0000000000000000|0000000000000000|0000000000000000|0000000000000000|0000000000000000|0000000000000000|0000000000000000|0000000000000000|0000000000000000|0000000000000000|0000000000000000| 
1da012fc_0,|0000000000000000000000000|0002200002220000000000000|0022220020202000000000000|0002200000200000000000000|0000000000000000000000000|0000000000000000000000000|0000000000000000000000000|0000002220000000000000000|0000022022000000000000000|0000002220000000555555550|0000000000000000535554550|0000000000000000555555550|0000000000000000555555550|0002000000200200555855550|0022200002222220555555550|0002000000022000555555550|0000000000000000515556550|0000000000000000555555550|0000000000000000555555550| |5555555555555555555555555|5552255552225555555555555|5522225525252555555555555|5552255555255555555555555|5555555555555555555555555|5555555555555555555555555|5555555555555555555555555|5555552225555555555555555|5555522522555555555555555|5555552225555555555555555|5555555555555555535554555|5555555555555555555555555|5555555555555555555555555|5552555555255255555855555|5522255552222225555555555|5552555555522555555555555|5555555555555555515556555|5555555555555555555555555|5555555555555555555555555| |0000000000000000000000000|0000000000000000000000000|0000000000000000000000000|0000000000000000000000000|0000000000000000000000000|0000000000000000000000000|0000000000000000000000000|0000000000000000000000000|0000000000000000000000000|0000000000000000000000000|0000000000000000000000000|0000000000000000000000000|0000000000000000000000000|0000000000000000000000000|0000000000000000000000000|0000000000000000000000000|0000000000000000000000000|0000000000000000000000000|0000000000000000000000000| 
1e81d6f9_0,|000500000000000|010500001000000|000503000080007|555500600000000|000000000400620|000000900030000|000108700000030|000070072000000|000004100066000|000000008000000|000000000009000|000000009000000|000000000400020|000100000000000|000090000007000| |555555555555555|515555551555555|555553555585557|555555655555555|555555555455625|555555955535555|555158755555535|555575572555555|555554155566555|555555558555555|555555555559555|555555559555555|555555555455525|555155555555555|555595555557555| |000000000000000|000000000000000|000000000000000|000000000000000|000000000000000|000000000000000|000000000000000|000000000000000|000000000000000|000000000000000|000000000000000|000000000000000|000000000000000|000000000000000|000000000000000| 
1e97544e_0,|23456789123456789123456|33456789123456789123456|34456789123456789123456|34556789123456789123456|00000000023456789123456|00000000023456789123456|34560000023456789123456|34560000000456789123456|34560000000456789123456|34567891000456789123456|34567891000456789100456|34567891234456789100456|34567891234556789100456|34567891200000789100456|34567891200000789100456|34567891200000889123456|34567891200000899123456|34567891234567891123456|34567891234567891223456|34567891234567891233456|34567891234567891234456|34567891234567891234556|34567891234567891234566| |23456789123456789123456|33456789123456789123456|34456789123456789123456|34556789123456789123456|55555555523456789123456|55555555523456789123456|34565555523456789123456|34565555555456789123456|34565555555456789123456|34567891555456789123456|34567891555456789155456|34567891234456789155456|34567891234556789155456|34567891255555789155456|34567891255555789155456|34567891255555889123456|34567891255555899123456|34567891234567891123456|34567891234567891223456|34567891234567891233456|34567891234567891234456|34567891234567891234556|34567891234567891234566| |00000000000000000000000|00000000000000000000000|00000000000000000000000|00000000000000000000000|00000000000000000000000|00000000000000000000000|00000000000000000000000|00000000000000000000000|00000000000000000000000|00000000000000000000000|00000000000000000000000|00000000000000000000000|00000000000000000000000|00000000000000000000000|00000000000000000000000|00000000000000000000000|00000000000000000000000|00000000000000000000000|00000000000000000000000|00000000000000000000000|00000000000000000000000|00000000000000000000000|00000000000000000000000| 
2037f2c7_0,|0000000000000000000000000|0000000000000000000000000|0000000000000001110011100|0000000000000000446644000|0000000000000031426624130|0000000000000000426600000|0011100111000000126621000|0004466440000000022220000|0314266241300001111111100|0314266241300001333333100|0311266211300001111111100|0000222200000000000000000|0011111111000000000000000|0013333331000000000000000|0011111111000000000000000|0000000000000000000000000|0000000000000000000000000|0000000000000000000000000|0000000000000000000000000|0000000000000000000000000|0000000000000000000000000|0000000000000000000000000|0000000000000000000000000|0000000000000000000000000| |5555555555555555555555555|5555555555555555555555555|5555555555555551115511155|5555555555555555446644555|5555555555555531426624135|5555555555555555426655555|5511155111555555126621555|5554466445555555522225555|5314266241355551111111155|5314266241355551333333155|5311266211355551111111155|5555222255555555555555555|5511111111555555555555555|5513333331555555555555555|5511111111555555555555555|5555555555555555555555555|5555555555555555555555555|5555555555555555555555555|5555555555555555555555555|5555555555555555555555555|5555555555555555555555555|5555555555555555555555555|5555555555555555555555555|5555555555555555555555555| |0000000000000000000000000|0000000000000000000000000|0000000000000000000000000|0000000000000000000000000|0000000000000000000000000|0000000000000000000000000|0000000000000000000000000|0000000000000000000000000|0000000000000000000000000|0000000000000000000000000|0000000000000000000000000|0000000000000000000000000|0000000000000000000000000|0000000000000000000000000|0000000000000000000000000|0000000000000000000000000|0000000000000000000000000|0000000000000000000000000|0000000000000000000000000|0000000000000000000000000|0000000000000000000000000|0000000000000000000000000|0000000000000000000000000|0000000000000000000000000| 
2072aba6_0,|000|050|555| |555|555|555| |000|000|000| 
20818e16_0,|1111111111111111|1122222222221111|1122222222221111|1122222222221111|1122222222221111|1122223333221111|1122223333221111|1111113333111111|1111113333111111|1111111111111111|1111111188811111|1111111188811111|1111111111111111|1116611111111111|1111111111111111|1111111111111111| |1111111111111111|1122222222221111|1122222222221111|1122222222221111|1122222222221111|1122223333221111|1122223333221111|1111113333111111|1111113333111111|1111111111111111|1111111188811111|1111111188811111|1111111111111111|1116611111111111|1111111111111111|1111111111111111| |0000000000000000|0000000000000000|0000000000000000|0000000000000000|0000000000000000|0000000000000000|0000000000000000|0000000000000000|0000000000000000|0000000000000000|0000000000000000|0000000000000000|0000000000000000|0000000000000000|0000000000000000|0000000000000000| 
20981f0e_0,|0000000000000|0020000200002|0000000000000|0000000000000|0001100001100|0001100001000|0020000200002|0000000000010|0000000000110|0000110000000|0000110000000|0020000200002|0000000001100|0000110001000|0000010000000|0000000000000|0020000200002| |5555555555555|5525555255552|5555555555555|5555555555555|5551155551155|5551155551555|5525555255552|5555555555515|5555555555115|5555115555555|5555115555555|5525555255552|5555555551155|5555115551555|5555515555555|5555555555555|5525555255552| |0000000000000|0000000000000|0000000000000|0000000000000|0000000000000|0000000000000|0000000000000|0000000000000|0000000000000|0000000000000|0000000000000|0000000000000|0000000000000|0000000000000|0000000000000|0000000000000|0000000000000| 
212895b5_0,|00050000000000000000000|00500000000000000000000|00500050000000550000005|00050000005505000000000|00000000000000055000055|00000088800000000055000|00000088800000000000000|00000088800500000005000|00000000000000500050050|00505000000000050050050|00000000000505000000000|00505500500000000055050|00000000050000000000000|00000050000005000005000|50005055000050000000500|00500000000050500500005|05000000000000005000550|50005050000000500000000|00000000050000000000005|00000005000000000050000|00000000000000005000000| |55555555555555555555555|55555555555555555555555|55555555555555555555555|55555555555555555555555|55555555555555555555555|55555588855555555555555|55555588855555555555555|55555588855555555555555|55555555555555555555555|55555555555555555555555|55555555555555555555555|55555555555555555555555|55555555555555555555555|55555555555555555555555|55555555555555555555555|55555555555555555555555|55555555555555555555555|55555555555555555555555|55555555555555555555555|55555555555555555555555|55555555555555555555555| |00000000000000000000000|00000000000000000000000|00000000000000000000000|00000000000000000000000|00000000000000000000000|00000000000000000000000|00000000000000000000000|00000000000000000000000|00000000000000000000000|00000000000000000000000|00000000000000000000000|00000000000000000000000|00000000000000000000000|00000000000000000000000|00000000000000000000000|00000000000000000000000|00000000000000000000000|00000000000000000000000|00000000000000000000000|00000000000000000000000|00000000000000000000000| 
21f83797_0,|0000000000000|0000200000000|0000000000000|0000000000000|0000000000000|0000000000000|0000000000000|0000000000000|0000000000000|0000000000000|0000000002000|0000000000000|0000000000000| |5555555555555|5555255555555|5555555555555|5555555555555|5555555555555|5555555555555|5555555555555|5555555555555|5555555555555|5555555555555|5555555552555|5555555555555|5555555555555| |0000000000000|0000000000000|0000000000000|0000000000000|0000000000000|0000000000000|0000000000000|0000000000000|0000000000000|0000000000000|0000000000000|0000000000000|0000000000000| 
22a4bbc2_0,|8880|0111|0880|1111|8880|8880|0111|0880|0880|1111|1111|8888|1100|0888|1110|8888|0110|0110|8888|8888|0111|0111| |8885|5111|5885|1111|8885|8885|5111|5885|5885|1111|1111|8888|1155|5888|1115|8888|5115|5115|8888|8888|5111|5111| |0000|0000|0000|0000|0000|0000|0000|0000|0000|0000|0000|0000|0000|0000|0000|0000|0000|0000|0000|0000|0000|0000| 
25094a63_0,|683338183881631231113122682386|166881336388211368831218238882|883631683863128182132111111836|131281822213183631131111111263|812386888888888813811111118368|613186888888888811316111116283|333383888888888813116288888813|331321888888888881132632188828|183283888888888868882831336131|812316888888888838661383328881|331128888888888838181862811163|611216832281638263213361286222|132812881322223338321166383316|812631328133818366831813323363|881328112121811333888333186113|683281311311838833363331363286|381182332816166863183888116331|881236331883368181223838826861|318233633631131181318281121338|888128831133336333333138288128|683812838318331333333828883311|816312881138238333333383833131|212218631388822333333881311326|113663228263862333333311338333|136183213313838333333383833812|883882222886833333333221618686|331118833328233333688228112188|663336338888136833811161262638|128321333313866181621633383818|862638288311611218121318363338| |683338183881631231113122682386|166881336388211368831218238882|883631683863128182132111111836|131281822213183631131111111263|812386888888888813811111118368|613186888888888811316111116283|333383888888888813116288888813|331321888888888881132632188828|183283888888888868882831336131|812316888888888838661383328881|331128888888888838181862811163|611216832281638263213361286222|132812881322223338321166383316|812631328133818366831813323363|881328112121811333888333186113|683281311311838833363331363286|381182332816166863183888116331|881236331883368181223838826861|318233633631131181318281121338|888128831133336333333138288128|683812838318331333333828883311|816312881138238333333383833131|212218631388822333333881311326|113663228263862333333311338333|136183213313838333333383833812|883882222886833333333221618686|331118833328233333688228112188|663336338888136833811161262638|128321333313866181621633383818|862638288311611218121318363338| |000000000000000000000000000000|000000000000000000000000000000|000000000000000000000000000000|000000000000000000000000000000|000000000000000000000000000000|000000000000000000000000000000|000000000000000000000000000000|000000000000000000000000000000|000000000000000000000000000000|000000000000000000000000000000|000000000000000000000000000000|000000000000000000000000000000|000000000000000000000000000000|000000000000000000000000000000|000000000000000000000000000000|000000000000000000000000000000|000000000000000000000000000000|000000000000000000000000000000|000000000000000000000000000000|000000000000000000000000000000|000000000000000000000000000000|000000000000000000000000000000|000000000000000000000000000000|000000000000000000000000000000|000000000000000000000000000000|000000000000000000000000000000|000000000000000000000000000000|000000000000000000000000000000|000000000000000000000000000000|000000000000000000000000000000| 
2546ccf6_0,|00000800000800000800000|00000800000800000800000|00200800200800000800000|00222822200800000800000|00020802000800000800000|88888888888888888888888|00020800000800000800000|00222800000800000800000|00200800000800110800000|00000800000800101800000|00000800000800010800000|88888888888888888888888|00000800000800010801000|00000800000800101810100|00000800000800110801100|00444844400800000800000|00040804000800000800000|88888888888888888888888|00000804000800000800000|00000844400800000800000|00000800000800000800000|00000800000800000800000|00000800000800000800000|88888888888888888888888|00000800000800000800000|00000800000800000800000| |55555855555855555855555|55555855555855555855555|55255855255855555855555|55222822255855555855555|55525852555855555855555|88888888888888888888888|55525855555855555855555|55222855555855555855555|55255855555855115855555|55555855555855151855555|55555855555855515855555|88888888888888888888888|55555855555855515851555|55555855555855151815155|55555855555855115851155|55444844455855555855555|55545854555855555855555|88888888888888888888888|55555854555855555855555|55555844455855555855555|55555855555855555855555|55555855555855555855555|55555855555855555855555|88888888888888888888888|55555855555855555855555|55555855555855555855555| |00000000000000000000000|00000000000000000000000|00000000000000000000000|00000000000000000000000|00000000000000000000000|00000000000000000000000|00000000000000000000000|00000000000000000000000|00000000000000000000000|00000000000000000000000|00000000000000000000000|00000000000000000000000|00000000000000000000000|00000000000000000000000|00000000000000000000000|00000000000000000000000|00000000000000000000000|00000000000000000000000|00000000000000000000000|00000000000000000000000|00000000000000000000000|00000000000000000000000|00000000000000000000000|00000000000000000000000|00000000000000000000000|00000000000000000000000| 
256b0a75_0,|70000000900000030000000000|00000000000000002000000060|00000000000000000000000000|00009000000000000000000000|00000000000000000000010000|00000000000040000000000000|00000000000000000000000000|00000020000000000000000000|00000000007000009000000000|00000088000006600000000000|00000080000000600090000000|00030000000000000007000000|00000000000000000000000000|00000000000000000000000000|00000080000000800000000000|00000088000008800000000000|00000000040000000000000000|00000000000000000000000000|00000000000000000000000000|00000000000000020000000000|00100005000000000000000000|00000000000000000700000000|00000000000000000000009000|00000000000000000000000000|00000000000000000000000000| |75555555955555535555555555|55555555555555552555555565|55555555555555555555555555|55559555555555555555555555|55555555555555555555515555|55555555555545555555555555|55555555555555555555555555|55555525555555555555555555|55555555557555559555555555|55555588555556655555555555|55555585555555655595555555|55535555555555555557555555|55555555555555555555555555|55555555555555555555555555|55555585555555855555555555|55555588555558855555555555|55555555545555555555555555|55555555555555555555555555|55555555555555555555555555|55555555555555525555555555|55155555555555555555555555|55555555555555555755555555|55555555555555555555559555|55555555555555555555555555|55555555555555555555555555| |00000000000000000000000000|00000000000000000000000000|00000000000000000000000000|00000000000000000000000000|00000000000000000000000000|00000000000000000000000000|00000000000000000000000000|00000000000000000000000000|00000000000000000000000000|00000000000000000000000000|00000000000000000000000000|00000000000000000000000000|00000000000000000000000000|00000000000000000000000000|00000000000000000000000000|00000000000000000000000000|00000000000000000000000000|00000000000000000000000000|00000000000000000000000000|00000000000000000000000000|00000000000000000000000000|00000000000000000000000000|00000000000000000000000000|00000000000000000000000000|00000000000000000000000000| 
2685904e_0,|8800000000|0000000000|0000000000|0000000000|0000000000|0000000000|5555555555|0000000000|2364624439|0000000000| |8855555555|5555555555|5555555555|5555555555|5555555555|5555555555|5555555555|5555555555|2364624439|5555555555| |0000000000|0000000000|0000000000|0000000000|0000000000|0000000000|0000000000|0000000000|0000000000|0000000000| 
2697da3f_0,|0000000000|0040444000|0044004000|0400040000|0044004000|0040444000|0000000000|0000000000| |5555555555|5545444555|5544554555|5455545555|5544554555|5545444555|5555555555|5555555555| |0000000000|0000000000|0000000000|0000000000|0000000000|0000000000|0000000000|0000000000| 
2753e76c_0,|0000008800000000|0333008800000000|0333000000330088|0333000000330088|0000000000000000|0000444000000000|0000444004400000|0000444004400033|0000000000000033|0000044400000000|0000044400000000|0330044403333000|0330000003333000|0000440003333000|0000440003333000|0000000000000000| |5555558855555555|5333558855555555|5333555555335588|5333555555335588|5555555555555555|5555444555555555|5555444554455555|5555444554455533|5555555555555533|5555544455555555|5555544455555555|5335544453333555|5335555553333555|5555445553333555|5555445553333555|5555555555555555| |0000000000000000|0000000000000000|0000000000000000|0000000000000000|0000000000000000|0000000000000000|0000000000000000|0000000000000000|0000000000000000|0000000000000000|0000000000000000|0000000000000000|0000000000000000|0000000000000000|0000000000000000|0000000000000000| 
27a77e38_0,|912849821|443127679|216978436|986342917|555555555|000000000|000000000|000000000|000000000| |912849821|443127679|216978436|986342917|555555555|555555555|555555555|555555555|555555555| |000000000|000000000|000000000|000000000|000000000|000000000|000000000|000000000|000000000| 
27f8ce4f_0,|967|877|287| |967|877|287| |000|000|000| 
281123b4_0,|8880350553900030000|8088355553009934404|8008350553000930404|0088300553999030440| |8885355553955535555|8588355553559934454|8558355553555935454|5588355553999535445| |0000000000000000000|0000000000000000000|0000000000000000000|0000000000000000000| 
292dd178_0,|444444444444444|444444441111444|414114441444444|414414441441444|414414441111444|411114444444444|444444411114444|444444414414444|444444414414444|444444414114444|444444444444444| |444444444444444|444444441111444|414114441444444|414414441441444|414414441111444|411114444444444|444444411114444|444444414414444|444444414414444|444444414114444|444444444444444| |000000000000000|000000000000000|000000000000000|000000000000000|000000000000000|000000000000000|000000000000000|000000000000000|000000000000000|000000000000000|000000000000000| 
29700607_0,|00048500000|00000000000|00000000000|00000000000|00000000000|00000000000|00000000000|40000000000|00000000000|00000000005|00000000000| |55548555555|55555555555|55555555555|55555555555|55555555555|55555555555|55555555555|45555555555|55555555555|55555555555|55555555555| |00000000000|00000000000|00000000000|00000000000|00000000000|00000000000|00000000000|00000000000|00000000000|00000000000|00000000000| 
2a5f8217_0,|0000008800000|0010088801100|0111008011100|0000000001000|0000001000000|0040011100000|0440001000020|0040000000222|0000001000000|0000011000060|0010001000666|8010000000060|8000000000000| |5555558855555|5515588851155|5111558511155|5555555551555|5555551555555|5545511155555|5445551555525|5545555555222|5555551555555|5555511555565|5515551555666|8515555555565|8555555555555| |0000000000000|0000000000000|0000000000000|0000000000000|0000000000000|0000000000000|0000000000000|0000000000000|0000000000000|0000000000000|0000000000000|0000000000000|0000000000000| 
2b01abd0_0,|0000000010000000|0000000010000000|0000000010000000|0002002010000000|0008888010000000|0002002010000000|0088800010000000|0000000010000000|0000000010000000|0000000010000000|0000000010000000|0000000010000000|0000000010000000|0000000010000000| |5555555515555555|5555555515555555|5555555515555555|5552552515555555|5558888515555555|5552552515555555|5588855515555555|5555555515555555|5555555515555555|5555555515555555|5555555515555555|5555555515555555|5555555515555555|5555555515555555| |0000000000000000|0000000000000000|0000000000000000|0000000000000000|0000000000000000|0000000000000000|0000000000000000|0000000000000000|0000000000000000|0000000000000000|0000000000000000|0000000000000000|0000000000000000|0000000000000000| 
2c0b0aff_0,|00000000000000000000000|08838883838000000000000|08333888333008888883388|08838888838003883888888|08388838388008833388838|08888333883008883888888|03388838888008888888888|08888888838008883883888|03883888388008888888888|00000000000008388888838|00000000000000000000000|00000000000000000000000|38888838880033883888380|88388333880088833388830|83338838380038883888880|88388883330083888883880|88883888380033388833380|83833388880083838883880|33383888830088333888880|83888883880088838883830|00000000000000000000000|00000000000000000000000| |55555555555555555555555|58838883838555555555555|58333888333558888883388|58838888838553883888888|58388838388558833388838|58888333883558883888888|53388838888558888888888|58888888838558883883888|53883888388558888888888|55555555555558388888838|55555555555555555555555|55555555555555555555555|38888838885533883888385|88388333885588833388835|83338838385538883888885|88388883335583888883885|88883888385533388833385|83833388885583838883885|33383888835588333888885|83888883885588838883835|55555555555555555555555|55555555555555555555555| |00000000000000000000000|00000000000000000000000|00000000000000000000000|00000000000000000000000|00000000000000000000000|00000000000000000000000|00000000000000000000000|00000000000000000000000|00000000000000000000000|00000000000000000000000|00000000000000000000000|00000000000000000000000|00000000000000000000000|00000000000000000000000|00000000000000000000000|00000000000000000000000|00000000000000000000000|00000000000000000000000|00000000000000000000000|00000000000000000000000|00000000000000000000000|00000000000000000000000| 
2c737e39_0,|0000000000|0000000000|0000005000|0000000000|0000000000|0000000000|0000000000|0000000000|0005000000|0223300000|0103388000| |5555555555|5555555555|5555555555|5555555555|5555555555|5555555555|5555555555|5555555555|5555555555|5223355555|5153388555| |0000000000|0000000000|0000000000|0000000000|0000000000|0000000000|0000000000|0000000000|0000000000|0000000000|0000000000| 
2f0c5170_0,|8888888888888888888|8888888888888888888|8888888888888888888|8888888888888888888|8000000088888888888|8044044088888888888|8004240088888888888|8044444088888888888|8000000088888888888|8888888888888888888|8888888888888888888|8888888000000000888|8888888000000000888|8888888000000000888|8888888000000000888|8888888000000000888|8888888000200000888|8888888000000000888|8888888888888888888| |8888888888888888888|8888888888888888888|8888888888888888888|8888888888888888888|8555555588888888888|8544544588888888888|8554245588888888888|8544444588888888888|8555555588888888888|8888888888888888888|8888888888888888888|8888888555555555888|8888888555555555888|8888888555555555888|8888888555555555888|8888888555555555888|8888888555255555888|8888888555555555888|8888888888888888888| |0000000000000000000|0000000000000000000|0000000000000000000|0000000000000000000|0000000000000000000|0000000000000000000|0000000000000000000|0000000000000000000|0000000000000000000|0000000000000000000|0000000000000000000|0000000000000000000|0000000000000000000|0000000000000000000|0000000000000000000|0000000000000000000|0000000000000000000|0000000000000000000|0000000000000000000| 
310f3251_0,|0040|0000|0000|4000| |5545|5555|5555|4555| |0000|0000|0000|0000| 
3194b014_0,|09970097770700709000|00733330770000666609|07933333309970666607|09033333337076666600|90070977077000966677|00970990070090066607|09090070090000099000|09009700097099070000|07888899070097700977|90988877070090090700|00988809090075500909|00988890000955570009|90088807997055550007|99979880970555559070|00770780007555555909|97709079709555555009|07700790709755555979|00777009090055555000|00000790009955509090|00907009700700790000| |59975597775755759555|55733335775555666659|57933333359975666657|59533333337576666655|95575977577555966677|55975995575595566657|59595575595555599555|59559755597599575555|57888899575597755977|95988877575595595755|55988859595575555959|55988895555955575559|95588857997555555557|99979885975555559575|55775785557555555959|97759579759555555559|57755795759755555979|55777559595555555555|55555795559955559595|55957559755755795555| |00000000000000000000|00000000000000000000|00000000000000000000|00000000000000000000|00000000000000000000|00000000000000000000|00000000000000000000|00000000000000000000|00000000000000000000|00000000000000000000|00000000000000000000|00000000000000000000|00000000000000000000|00000000000000000000|00000000000000000000|00000000000000000000|00000000000000000000|00000000000000000000|00000000000000000000|00000000000000000000| 
319f2597_0,|45759231786942425127|91755127191748472958|91869476955581484785|42955282779614983392|19238431134635112646|14356111167395835629|77192469155852224212|29612948278257322477|42668921324583748521|32489895216812579185|13727352393272179857|16466559232467399966|86522321496949771593|37759874229500867667|69563757989500423326|28535671474495134447|78479578746853314197|45994557985886283724|16143654174786595499|29267899645875436395| |45759231786942425127|91755127191748472958|91869476955581484785|42955282779614983392|19238431134635112646|14356111167395835629|77192469155852224212|29612948278257322477|42668921324583748521|32489895216812579185|13727352393272179857|16466559232467399966|86522321496949771593|37759874229555867667|69563757989555423326|28535671474495134447|78479578746853314197|45994557985886283724|16143654174786595499|29267899645875436395| |00000000000000000000|00000000000000000000|00000000000000000000|00000000000000000000|00000000000000000000|00000000000000000000|00000000000000000000|00000000000000000000|00000000000000000000|00000000000000000000|00000000000000000000|00000000000000000000|00000000000000000000|00000000000000000000|00000000000000000000|00000000000000000000|00000000000000000000|00000000000000000000|00000000000000000000|00000000000000000000| 
31adaf00_0,|5000505050|5005055000|5505500550|5000000500|5000550005|0000005500|0055005500|5050505005|0550500555|0005550000| |5555555555|5555555555|5555555555|5555555555|5555555555|5555555555|5555555555|5555555555|5555555555|5555555555| |0000000000|0000000000|0000000000|0000000000|0000000000|0000000000|0000000000|0000000000|0000000000|0000000000| 
31d5ba1a_0,|99090|00909|00099|44404|40444|44000| |99595|55959|55599|44454|45444|44555| |00000|00000|00000|00000|00000|00000| 
31d5ba1a_1,|00909|09000|90900|40444|04404|40000| |55959|59555|95955|45444|54454|45555| |00000|00000|00000|00000|00000|00000| 
32e9702f_0,|0066666000|0000000000|0000006600|0000000000|0666000000|0000000000|0000000000|0000666666|0000000000|0000000000| |5566666555|5555555555|5555556655|5555555555|5666555555|5555555555|5555555555|5555666666|5555555555|5555555555| |0000000000|0000000000|0000000000|0000000000|0000000000|0000000000|0000000000|0000000000|0000000000|0000000000| 
332efdb3_0,|00000000000|00000000000|00000000000|00000000000|00000000000|00000000000|00000000000|00000000000|00000000000|00000000000|00000000000| |55555555555|55555555555|55555555555|55555555555|55555555555|55555555555|55555555555|55555555555|55555555555|55555555555|55555555555| |00000000000|00000000000|00000000000|00000000000|00000000000|00000000000|00000000000|00000000000|00000000000|00000000000|00000000000| 
3391f8c0_0,|00000000000000|00505005050000|00050000500000|00555005550000|00000000000000|00666005050000|00606000500000|00006005550000|00000000000000|00000000000000|00000000000000| |55555555555555|55555555555555|55555555555555|55555555555555|55555555555555|55666555555555|55656555555555|55556555555555|55555555555555|55555555555555|55555555555555| |00000000000000|00000000000000|00000000000000|00000000000000|00000000000000|00000000000000|00000000000000|00000000000000|00000000000000|00000000000000|00000000000000| 
33b52de3_0,|00000000000000000000000|00000005550555055505550|02122005050505050505050|08144005050505050505050|03144000000000000000000|08131005550555055505550|08111005050505050505050|00000005050505050505050|00000000000000000000000|00000005550555055505550|00000005050505050505050|00000005050505050505050|00000000000000000000000|00000005550555055505550|00000005050505050505050|00000005050505050505050|00000000000000000000000|00000005550555055505550|00000005050505050505050|00000005050505050505050|00000000000000000000000|00000000000000000000000|00000000000000000000000| |55555555555555555555555|55555555555555555555555|52122555555555555555555|58144555555555555555555|53144555555555555555555|58131555555555555555555|58111555555555555555555|55555555555555555555555|55555555555555555555555|55555555555555555555555|55555555555555555555555|55555555555555555555555|55555555555555555555555|55555555555555555555555|55555555555555555555555|55555555555555555555555|55555555555555555555555|55555555555555555555555|55555555555555555555555|55555555555555555555555|55555555555555555555555|55555555555555555555555|55555555555555555555555| |00000000000000000000000|00000000000000000000000|00000000000000000000000|00000000000000000000000|00000000000000000000000|00000000000000000000000|00000000000000000000000|00000000000000000000000|00000000000000000000000|00000000000000000000000|00000000000000000000000|00000000000000000000000|00000000000000000000000|00000000000000000000000|00000000000000000000000|00000000000000000000000|00000000000000000000000|00000000000000000000000|00000000000000000000000|00000000000000000000000|00000000000000000000000|00000000000000000000000|00000000000000000000000| 
3490cc26_0,|00000000000000000000000|00000000000000000000000|00000000000000000000000|00002200000880000008800|00002200000880000008800|00000000000000000000000|08800000000000000000000|08800000000000000000000|00000008800880000000000|00000008800880000000000|00000000000000000000000|00000000000000000000000|00000000000000088000000|00000000000000088000000|00008808800000000000000|00008808800000000000000|00000000000000000008800|00000000000000000008800|00000000000000000000000|00008800000008800000000|00008800000008800000000|00000000000000000000000| |55555555555555555555555|55555555555555555555555|55555555555555555555555|55552255555885555558855|55552255555885555558855|55555555555555555555555|58855555555555555555555|58855555555555555555555|55555558855885555555555|55555558855885555555555|55555555555555555555555|55555555555555555555555|55555555555555588555555|55555555555555588555555|55558858855555555555555|55558858855555555555555|55555555555555555558855|55555555555555555558855|55555555555555555555555|55558855555558855555555|55558855555558855555555|55555555555555555555555| |00000000000000000000000|00000000000000000000000|00000000000000000000000|00000000000000000000000|00000000000000000000000|00000000000000000000000|00000000000000000000000|00000000000000000000000|00000000000000000000000|00000000000000000000000|00000000000000000000000|00000000000000000000000|00000000000000000000000|00000000000000000000000|00000000000000000000000|00000000000000000000000|00000000000000000000000|00000000000000000000000|00000000000000000000000|00000000000000000000000|00000000000000000000000|00000000000000000000000| 
34b99a2b_0,|080045000|080845505|880840055|888845055|008845050| |585545555|585845555|885845555|888845555|558845555| |000000000|000000000|000000000|000000000|000000000| 
351d6448_0,|0020002000200|0322022202220|3322222222222|5555555555555|0030002000200|0332022202220|3332222222222|5555555555555|0030002000200|0333022202220|3333222222222|5555555555555|0030002000200|0333022202220|3333322222222| |5525552555255|5322522252225|3322222222222|5555555555555|5535552555255|5332522252225|3332222222222|5555555555555|5535552555255|5333522252225|3333222222222|5555555555555|5535552555255|5333522252225|3333322222222| |0000000000000|0000000000000|0000000000000|0000000000000|0000000000000|0000000000000|0000000000000|0000000000000|0000000000000|0000000000000|0000000000000|0000000000000|0000000000000|0000000000000|0000000000000| 
358ba94e_0,|0111110000000000000|0111010001111100000|0111110001010100000|0101110001111100000|0111110001111100000|0000000001111100000|0000000000000000000|1111100000000011111|1010100000000010111|1111100111110011101|1010100111010011111|1111100101110011111|0000000111110000000|0000000111110000000|0000000000000000000|0000000000000000000|0000000000000000000| |5111115555555555555|5111515551111155555|5111115551515155555|5151115551111155555|5111115551111155555|5555555551111155555|5555555555555555555|1111155555555511111|1515155555555515111|1111155111115511151|1515155111515511111|1111155151115511111|5555555111115555555|5555555111115555555|5555555555555555555|5555555555555555555|5555555555555555555| |0000000000000000000|0000000000000000000|0000000000000000000|0000000000000000000|0000000000000000000|0000000000000000000|0000000000000000000|0000000000000000000|0000000000000000000|0000000000000000000|0000000000000000000|0000000000000000000|0000000000000000000|0000000000000000000|0000000000000000000|0000000000000000000|0000000000000000000| 
37d3e8b2_0,|008888800000000000|008080808888888000|008088808088008000|008888808888008000|000000008008888000|000000008888888000|008888000000000000|008008000088888880|008888000080088880|000000000088880080|000000000088880080|088888880080888880|080088880080888880|080088880088800880|088880880088800880|088888880088888880|000000000000000000| |558888855555555555|558585858888888555|558588858588558555|558888858888558555|555555558558888555|555555558888888555|558888555555555555|558558555588888885|558888555585588885|555555555588885585|555555555588885585|588888885585888885|585588885585888885|585588885588855885|588885885588855885|588888885588888885|555555555555555555| |000000000000000000|000000000000000000|000000000000000000|000000000000000000|000000000000000000|000000000000000000|000000000000000000|000000000000000000|000000000000000000|000000000000000000|000000000000000000|000000000000000000|000000000000000000|000000000000000000|000000000000000000|000000000000000000|000000000000000000| 
3979b1a8_0,|51115|11911|19991|11911|51115| |51115|11911|19991|11911|51115| |00000|00000|00000|00000|00000| 
3a301edc_0,|000000000000000000000|000000000000000000000|000000000000000000000|000000000000000000000|000000000000000000000|000000000000000000000|000003333330000000000|000003888830000000000|000003888830000000000|000003888830000000000|000003888830000000000|000003333330000000000|000000000000000000000|000000000000000000000|000000000000000000000|000000000000000000000|000000000000000000000|000000000000000000000|000000000000000000000|000000000000000000000|000000000000000000000| |555555555555555555555|555555555555555555555|555555555555555555555|555555555555555555555|555555555555555555555|555555555555555555555|555553333335555555555|555553888835555555555|555553888835555555555|555553888835555555555|555553888835555555555|555553333335555555555|555555555555555555555|555555555555555555555|555555555555555555555|555555555555555555555|555555555555555555555|555555555555555555555|555555555555555555555|555555555555555555555|555555555555555555555| |000000000000000000000|000000000000000000000|000000000000000000000|000000000000000000000|000000000000000000000|000000000000000000000|000000000000000000000|000000000000000000000|000000000000000000000|000000000000000000000|000000000000000000000|000000000000000000000|000000000000000000000|000000000000000000000|000000000000000000000|000000000000000000000|000000000000000000000|000000000000000000000|000000000000000000000|000000000000000000000|000000000000000000000| 
3b4c2228_0,|00000|03300|03300|20000|00003|33000|33022|00022| |55555|53355|53355|25555|55553|33555|33522|55522| |00000|00000|00000|00000|00000|00000|00000|00000| 
3b4c2228_1,|03300000|03300320|20000003|00220000|30220330|00000330|03300000|03302030| |53355555|53355325|25555553|55225555|35225335|55555335|53355555|53352535| |00000000|00000000|00000000|00000000|00000000|00000000|00000000|00000000| 
3d31c5b3_0,|505005|050005|555000|000404|000000|400400|202022|220222|222222|008800|080088|000800| |555555|555555|555555|555454|555555|455455|252522|225222|222222|558855|585588|555855| |000000|000000|000000|000000|000000|000000|000000|000000|000000|000000|000000|000000| 
3ed85e70_0,|000000000000000000000000000000|008800000000000000000000000000|008200000000001110000000000000|000000000000001110000011000000|000000000000001110000011000000|000000000000000000000000000000|000000000000000000000000004400|000000000660000000000000004400|000000000660000000088800000000|000000000000000000088800000000|000000000000000000088800000000|000006000000000000000000000000|000000000000000000000000111000|000000000000000000000000111000|000000000000000220000000111000|000000000000000220000000000000|000000000000000000000000000000|000000000000000000000000000000|000007000000000000000066000000|000000000000000000000066000000|000000000000000000000000000000|000000000000000000000000000000|333333333333333333333333333333|333883333333333333333333333333|333822333333111333333333333333|333322833333161333333314333333|333338833333111333333341333333|333333333333333333333333333333|333333333333333333333333333333|333333333333333333333333333333| |555555555555555555555555555555|558855555555555555555555555555|558255555555551115555555555555|555555555555551115555511555555|555555555555551115555511555555|555555555555555555555555555555|555555555555555555555555554455|555555555665555555555555554455|555555555665555555588855555555|555555555555555555588855555555|555555555555555555588855555555|555556555555555555555555555555|555555555555555555555555111555|555555555555555555555555111555|555555555555555225555555111555|555555555555555225555555555555|555555555555555555555555555555|555555555555555555555555555555|555557555555555555555566555555|555555555555555555555566555555|555555555555555555555555555555|555555555555555555555555555555|333333333333333333333333333333|333883333333333333333333333333|333822333333111333333333333333|333322833333161333333314333333|333338833333111333333341333333|333333333333333333333333333333|333333333333333333333333333333|333333333333333333333333333333| |000000000000000000000000000000|000000000000000000000000000000|000000000000000000000000000000|000000000000000000000000000000|000000000000000000000000000000|000000000000000000000000000000|000000000000000000000000000000|000000000000000000000000000000|000000000000000000000000000000|000000000000000000000000000000|000000000000000000000000000000|000000000000000000000000000000|000000000000000000000000000000|000000000000000000000000000000|000000000000000000000000000000|000000000000000000000000000000|000000000000000000000000000000|000000000000000000000000000000|000000000000000000000000000000|000000000000000000000000000000|000000000000000000000000000000|000000000000000000000000000000|000000000000000000000000000000|000000000000000000000000000000|000000000000000000000000000000|000000000000000000000000000000|000000000000000000000000000000|000000000000000000000000000000|000000000000000000000000000000|000000000000000000000000000000| 
3ee1011a_0,|00000000000000000000000|00000000000000000000000|00000000000000000000000|00000000000000000000000|00000030000000000000000|00000000000000000000000|00000000007000000000000|00000000007000000000000|00000000007000000000000|00000000000000000000000|00000000000000000000000|00666660000000000000000|00000000008000000000000|00000000008000000000000|00000000008000000000000|00000000008000000000000|00000000008000000000000|00000000008000000000000|00000000008000000000000|00000000000000000000000|00000000000000000000000| |55555555555555555555555|55555555555555555555555|55555555555555555555555|55555555555555555555555|55555535555555555555555|55555555555555555555555|55555555557555555555555|55555555557555555555555|55555555557555555555555|55555555555555555555555|55555555555555555555555|55666665555555555555555|55555555558555555555555|55555555558555555555555|55555555558555555555555|55555555558555555555555|55555555558555555555555|55555555558555555555555|55555555558555555555555|55555555555555555555555|55555555555555555555555| |00000000000000000000000|00000000000000000000000|00000000000000000000000|00000000000000000000000|00000000000000000000000|00000000000000000000000|00000000000000000000000|00000000000000000000000|00000000000000000000000|00000000000000000000000|00000000000000000000000|00000000000000000000000|00000000000000000000000|00000000000000000000000|00000000000000000000000|00000000000000000000000|00000000000000000000000|00000000000000000000000|00000000000000000000000|00000000000000000000000|00000000000000000000000| 
3f23242b_0,|0000000000000000000|0000000000000000000|0000000000000000000|0000300000000000000|0000000000000000000|0000000000000000000|0000000000000000000|0000000000000000000|0000000000030000000|0000000000000000000|0000000000000000000|0000000000000000000|0000000000000000000|0000003000000000000|0000000000000000000|0000000000000000000|0000000000000000000| |5555555555555555555|5555555555555555555|5555555555555555555|5555355555555555555|5555555555555555555|5555555555555555555|5555555555555555555|5555555555555555555|5555555555535555555|5555555555555555555|5555555555555555555|5555555555555555555|5555555555555555555|5555553555555555555|5555555555555555555|5555555555555555555|5555555555555555555| |0000000000000000000|0000000000000000000|0000000000000000000|0000000000000000000|0000000000000000000|0000000000000000000|0000000000000000000|0000000000000000000|0000000000000000000|0000000000000000000|0000000000000000000|0000000000000000000|0000000000000000000|0000000000000000000|0000000000000000000|0000000000000000000|0000000000000000000| 
40f6cd08_0,|000000000000000000000000000000|001122844482211000000000000000|001122844482211000000000000000|001122844482211000111111111110|001122844482211000111111111110|001122844482211000111111111110|001122844482211000111111111110|001122844482211000111111111110|001122844482211000111111111110|001122844482211000111111111110|001122844482211000111111111110|000000000000000000111111111110|000000000000000000111111111110|000000000000000000111111111110|001111111111111100111111111110|001111111111111100111111111110|001111111111111100111111111110|001111111111111100111111111110|001111111111111100000000000000|001111111111111100000000000000|001111111111111100000000000000|001111111111111100000000000000|001111111111111100000000000000|001111111111111100000000000000|001111111111111100000000000000|001111111111111100000000000000|000000000000000000000000000000|000000000000000000000000000000|000000000000000000000000000000|000000000000000000000000000000| |555555555555555555555555555555|551122844482211555555555555555|551122844482211555555555555555|551122844482211555111111111115|551122844482211555111111111115|551122844482211555111111111115|551122844482211555111111111115|551122844482211555111111111115|551122844482211555111111111115|551122844482211555111111111115|551122844482211555111111111115|555555555555555555111111111115|555555555555555555111111111115|555555555555555555111111111115|551111111111111155111111111115|551111111111111155111111111115|551111111111111155111111111115|551111111111111155111111111115|551111111111111155555555555555|551111111111111155555555555555|551111111111111155555555555555|551111111111111155555555555555|551111111111111155555555555555|551111111111111155555555555555|551111111111111155555555555555|551111111111111155555555555555|555555555555555555555555555555|555555555555555555555555555555|555555555555555555555555555555|555555555555555555555555555555| |000000000000000000000000000000|000000000000000000000000000000|000000000000000000000000000000|000000000000000000000000000000|000000000000000000000000000000|000000000000000000000000000000|000000000000000000000000000000|000000000000000000000000000000|000000000000000000000000000000|000000000000000000000000000000|000000000000000000000000000000|000000000000000000000000000000|000000000000000000000000000000|000000000000000000000000000000|000000000000000000000000000000|000000000000000000000000000000|000000000000000000000000000000|000000000000000000000000000000|000000000000000000000000000000|000000000000000000000000000000|000000000000000000000000000000|000000000000000000000000000000|000000000000000000000000000000|000000000000000000000000000000|000000000000000000000000000000|000000000000000000000000000000|000000000000000000000000000000|000000000000000000000000000000|000000000000000000000000000000|000000000000000000000000000000| 
414297c0_0,|000000000000000000000000|000000000000000000000000|002720000002200000000000|002200000002600000000000|000000000000020000000000|000000000000000000000000|000002000000000000000000|000021200000000000000000|000002000000000000000000|000000000000000000000000|000000000000000000000000|044444444444444400000000|044444444444444400022000|044414444444474400008200|044444444444444400002200|044444444444444400000000|044444444464444400000000|044444444444444400000000|043444444444448400000000|044444444444444400000000|000000000000000000000000|000000000000000000000000|000000022000000000000000|000000232000000000000000|000000220000000000000000|000000000000000000000000| |555555555555555555555555|555555555555555555555555|552725555552255555555555|552255555552655555555555|555555555555525555555555|555555555555555555555555|555552555555555555555555|555521255555555555555555|555552555555555555555555|555555555555555555555555|555555555555555555555555|544444444444444455555555|544444444444444455522555|544414444444474455558255|544444444444444455552255|544444444444444455555555|544444444464444455555555|544444444444444455555555|543444444444448455555555|544444444444444455555555|555555555555555555555555|555555555555555555555555|555555522555555555555555|555555232555555555555555|555555225555555555555555|555555555555555555555555| |000000000000000000000000|000000000000000000000000|000000000000000000000000|000000000000000000000000|000000000000000000000000|000000000000000000000000|000000000000000000000000|000000000000000000000000|000000000000000000000000|000000000000000000000000|000000000000000000000000|000000000000000000000000|000000000000000000000000|000000000000000000000000|000000000000000000000000|000000000000000000000000|000000000000000000000000|000000000000000000000000|000000000000000000000000|000000000000000000000000|000000000000000000000000|000000000000000000000000|000000000000000000000000|000000000000000000000000|000000000000000000000000|000000000000000000000000| 
423a55dc_0,|0000000000000|0000000000000|0000000000000|0000007770000|0000777070000|0000700070000|0000770070000|0000070077000|0000070007000|0000077777000|0000000000000| |5555555555555|5555555555555|5555555555555|5555557775555|5555777575555|5555755575555|5555775575555|5555575577555|5555575557555|5555577777555|5555555555555| |0000000000000|0000000000000|0000000000000|0000000000000|0000000000000|0000000000000|0000000000000|0000000000000|0000000000000|0000000000000|0000000000000| 
